-- phpMyAdmin SQL Dump
-- version 4.2.8.1
-- http://www.phpmyadmin.net
--
-- Host: 127.0.0.1
-- Generation Time: 2015-03-12 15:24:27
-- 服务器版本： 5.6.19
-- PHP Version: 5.4.30

SET SQL_MODE = "NO_AUTO_VALUE_ON_ZERO";
SET time_zone = "+00:00";


/*!40101 SET @OLD_CHARACTER_SET_CLIENT=@@CHARACTER_SET_CLIENT */;
/*!40101 SET @OLD_CHARACTER_SET_RESULTS=@@CHARACTER_SET_RESULTS */;
/*!40101 SET @OLD_COLLATION_CONNECTION=@@COLLATION_CONNECTION */;
/*!40101 SET NAMES utf8 */;

--
-- Database: `cascodb`
--

-- --------------------------------------------------------

--
-- 表的结构 `ad`
--

CREATE TABLE IF NOT EXISTS `ad` (
`id` int(11) NOT NULL COMMENT 'ad的id',
  `doc_id` int(11) NOT NULL COMMENT '所属doc的id',
  `title` varchar(20) NOT NULL COMMENT 'item名称',
  `description` text NOT NULL COMMENT '描述',
  `category` varchar(20) NOT NULL COMMENT '类别',
  `contribution` varchar(10) NOT NULL COMMENT '贡献',
  `allocation` varchar(40) NOT NULL COMMENT '分配对象',
  `source_id` int(11) NOT NULL
) ENGINE=MyISAM DEFAULT CHARSET=utf8;

-- --------------------------------------------------------

--
-- 表的结构 `document`
--

CREATE TABLE IF NOT EXISTS `document` (
  `id` varchar(36) NOT NULL COMMENT '默认索引',
  `name` varchar(100) NOT NULL COMMENT '文档名称',
  `type` enum('rs','tc','ad','tr','folder') NOT NULL COMMENT '文档类型',
  `project_id` varchar(36) NOT NULL COMMENT '所属项目',
  `build_version` varchar(10) NOT NULL COMMENT '软件测试版本',
  `test_version` varchar(10) NOT NULL COMMENT '测试软件版本',
  `fid` varchar(36) NOT NULL DEFAULT '0',
  `created_at` timestamp NOT NULL DEFAULT CURRENT_TIMESTAMP COMMENT '创建时间',
  `updated_at` timestamp NOT NULL DEFAULT '0000-00-00 00:00:00' COMMENT '更新时间'
) ENGINE=MyISAM DEFAULT CHARSET=utf8;

--
-- 转存表中的数据 `document`
--

INSERT INTO `document` (`id`, `name`, `type`, `project_id`, `build_version`, `test_version`, `fid`, `created_at`, `updated_at`) VALUES
('d6889236-ad21-11e4-aa9b-cf2d72b432dc', 'TSP-SYRS', 'rs', '90640116-ad10-450c-9d30-91b8a6acc607', '', '', 'dc14a208-ad21-11e4-aa9b-cf2d72b432dc', '2014-11-23 14:05:41', '2015-02-05 01:16:30'),
('dc14a208-ad21-11e4-aa9b-cf2d72b432dc', 'sytem', 'folder', '90640116-ad10-450c-9d30-91b8a6acc607', '', '', '0', '2014-12-08 22:31:02', '2014-12-08 22:31:02'),
('e1c83444-ad21-11e4-aa9b-cf2d72b432dc', 'TSP-SYTC', 'tc', '90640116-ad10-450c-9d30-91b8a6acc607', '', '', 'dc14a208-ad21-11e4-aa9b-cf2d72b432dc', '2014-11-23 13:21:30', '2015-01-28 00:00:44'),
('e7146468-ad21-11e4-aa9b-cf2d72b432dc', 'subsystem', 'folder', '90640116-ad10-450c-9d30-91b8a6acc607', '', '', '0', '2014-12-08 15:42:01', '2014-12-08 15:42:01'),
('eca32cc0-ad21-11e4-aa9b-cf2d72b432dc', 'test case', 'tc', '90640116-ad10-450c-9d30-91b8a6acc607', '', '', 'e7146468-ad21-11e4-aa9b-cf2d72b432dc', '2014-12-08 15:58:51', '2015-01-28 00:00:51'),
('a34c4ad1-d990-4181-919d-9186dae35f3b', '2123', 'rs', '90640116-ad10-450c-9d30-91b8a6acc607', '', '', '0', '2015-03-09 19:02:03', '2015-03-09 19:02:03'),
('c00dc5ad-c45f-410c-9f88-b27562414c59', 'adf', 'rs', '90640116-ad10-450c-9d30-91b8a6acc607', '', '', '0', '2015-02-06 01:36:36', '2015-02-06 01:36:36');

-- --------------------------------------------------------

--
-- 表的结构 `project`
--

CREATE TABLE IF NOT EXISTS `project` (
  `id` varchar(36) NOT NULL,
  `name` varchar(30) NOT NULL,
  `description` text NOT NULL,
  `graph` text NOT NULL,
  `created_at` datetime NOT NULL,
  `updated_at` datetime NOT NULL
) ENGINE=MyISAM DEFAULT CHARSET=utf8;

--
-- 转存表中的数据 `project`
--

INSERT INTO `project` (`id`, `name`, `description`, `graph`, `created_at`, `updated_at`) VALUES
('90640116-ad10-450c-9d30-91b8a6acc607', 'TSP-PJG', '卡斯卡项目', '{"cells":[{"type":"basic.Rect","position":{"x":64,"y":171},"size":{"width":150,"height":30},"angle":0,"id":"d6889236-ad21-11e4-aa9b-cf2d72b432dc","z":1,"attrs":{"rect":{"fill":"#E74C3C"},"text":{"text":"TSP-SYRS","fill":"white"}}},{"type":"basic.Rect","position":{"x":387,"y":60},"size":{"width":150,"height":30},"angle":0,"id":"e1c83444-ad21-11e4-aa9b-cf2d72b432dc","z":2,"attrs":{"rect":{"fill":"#8E44AD"},"text":{"text":"TSP-SYTC","fill":"white"}}},{"type":"basic.Rect","position":{"x":399,"y":162},"size":{"width":150,"height":30},"angle":0,"id":"eca32cc0-ad21-11e4-aa9b-cf2d72b432dc","z":3,"attrs":{"rect":{"fill":"#8E44AD"},"text":{"text":"test case","fill":"white"}}},{"type":"basic.Rect","position":{"x":100,"y":70},"size":{"width":150,"height":30},"angle":0,"id":"c00dc5ad-c45f-410c-9f88-b27562414c59","z":5,"attrs":{"rect":{"fill":"#E74C3C"},"text":{"text":"adf","fill":"white"}}},{"type":"fsa.Arrow","smooth":true,"source":{"id":"c00dc5ad-c45f-410c-9f88-b27562414c59"},"target":{"id":"d6889236-ad21-11e4-aa9b-cf2d72b432dc"},"id":"4e8924ea-ef36-4d1c-b0c1-4537371842b6","z":6,"attrs":{}},{"type":"fsa.Arrow","smooth":true,"source":{"id":"d6889236-ad21-11e4-aa9b-cf2d72b432dc"},"target":{"id":"eca32cc0-ad21-11e4-aa9b-cf2d72b432dc"},"id":"624b0f68-07be-4755-b9a4-85fb364c52d3","z":7,"attrs":{}},{"type":"fsa.Arrow","smooth":true,"source":{"id":"e1c83444-ad21-11e4-aa9b-cf2d72b432dc"},"target":{"id":"d6889236-ad21-11e4-aa9b-cf2d72b432dc"},"id":"e5aa1834-4c97-4c0f-83f9-949575b5ef0f","z":8,"attrs":{}},{"type":"fsa.Arrow","smooth":true,"source":{"id":"e1c83444-ad21-11e4-aa9b-cf2d72b432dc"},"target":{"id":"c00dc5ad-c45f-410c-9f88-b27562414c59"},"id":"beb173b0-fcbc-4c31-a207-46805f848769","z":9,"attrs":{}}]}', '2014-11-24 00:00:00', '2015-02-13 05:15:45'),
('7', 'RAIL-FORWARD', '12312', '', '2014-11-23 18:32:34', '2015-03-10 02:59:06'),
('d942b32c-3002-403b-a29d-90f11e30061b', 'test', 'dd', '', '2015-03-10 11:40:20', '2015-03-10 11:40:20');

-- --------------------------------------------------------

--
-- 表的结构 `project_user`
--

CREATE TABLE IF NOT EXISTS `project_user` (
  `project_id` varchar(36) NOT NULL COMMENT '工程id',
  `user_id` varchar(36) NOT NULL COMMENT '员工id',
  `role` varchar(10) NOT NULL COMMENT '与user_role里面的role_type是否重复？'
) ENGINE=MyISAM DEFAULT CHARSET=utf8;

--
-- 转存表中的数据 `project_user`
--

INSERT INTO `project_user` (`project_id`, `user_id`, `role`) VALUES
('90640116-ad10-450c-9d30-91b8a6acc607', 'a7b12e32-b0f5-11e4-abb7-c17404b78885', 'TE'),
('90640116-ad10-450c-9d30-91b8a6acc607', '75672e85-327f-46c4-90b2-aa68826f5889', ''),
('7', 'a7b12e32-b0f5-11e4-abb7-c17404b78885', '');

-- --------------------------------------------------------

--
-- 表的结构 `relation`
--

CREATE TABLE IF NOT EXISTS `relation` (
  `src` varchar(36) NOT NULL COMMENT '文档关系起点',
  `dest` varchar(36) NOT NULL COMMENT '文档关系终点',
  `src_type` varchar(10) NOT NULL COMMENT '源item所属类别',
  `dest_type` varchar(10) NOT NULL COMMENT '覆盖item所属类别',
  `src_tag` varchar(20) NOT NULL COMMENT '源tag内容',
  `dest_tag` varchar(20) NOT NULL COMMENT '目标tag内容'
) ENGINE=MyISAM DEFAULT CHARSET=utf8;

--
-- 转存表中的数据 `relation`
--

INSERT INTO `relation` (`src`, `dest`, `src_type`, `dest_type`, `src_tag`, `dest_tag`) VALUES
('c00dc5ad-c45f-410c-9f88-b27562414c59', 'd6889236-ad21-11e4-aa9b-cf2d72b432dc', '', '', '', ''),
('d6889236-ad21-11e4-aa9b-cf2d72b432dc', 'eca32cc0-ad21-11e4-aa9b-cf2d72b432dc', '', '', '', ''),
('c00dc5ad-c45f-410c-9f88-b27562414c59', 'd6889236-ad21-11e4-aa9b-cf2d72b432dc', '', '', '', ''),
('d6889236-ad21-11e4-aa9b-cf2d72b432dc', 'eca32cc0-ad21-11e4-aa9b-cf2d72b432dc', '', '', '', ''),
('e1c83444-ad21-11e4-aa9b-cf2d72b432dc', 'd6889236-ad21-11e4-aa9b-cf2d72b432dc', '', '', '', ''),
('c00dc5ad-c45f-410c-9f88-b27562414c59', 'd6889236-ad21-11e4-aa9b-cf2d72b432dc', '', '', '', ''),
('d6889236-ad21-11e4-aa9b-cf2d72b432dc', 'eca32cc0-ad21-11e4-aa9b-cf2d72b432dc', '', '', '', ''),
('e1c83444-ad21-11e4-aa9b-cf2d72b432dc', 'd6889236-ad21-11e4-aa9b-cf2d72b432dc', '', '', '', ''),
('e1c83444-ad21-11e4-aa9b-cf2d72b432dc', 'c00dc5ad-c45f-410c-9f88-b27562414c59', '', '', '', '');

-- --------------------------------------------------------

--
-- 表的结构 `role`
--

CREATE TABLE IF NOT EXISTS `role` (
  `id` varchar(36) NOT NULL,
  `name` varchar(20) NOT NULL
) ENGINE=InnoDB DEFAULT CHARSET=utf8;

--
-- 转存表中的数据 `role`
--

INSERT INTO `role` (`id`, `name`) VALUES
('c3f765c2-b32d-11e4-a4f2-8784007343f5', '系统管理员'),
('c3f76ee6-b32d-11e4-a4f2-8784007343f5', '项目管理员'),
('ca6e0848-b32d-11e4-a4f2-8784007343f5', '测试人员');

-- --------------------------------------------------------

--
-- 表的结构 `role_user`
--

CREATE TABLE IF NOT EXISTS `role_user` (
  `role_id` varchar(36) NOT NULL,
  `user_id` varchar(36) NOT NULL
) ENGINE=InnoDB DEFAULT CHARSET=utf8;

-- --------------------------------------------------------

--
-- 表的结构 `root`
--

CREATE TABLE IF NOT EXISTS `root` (
  `admin` varchar(20) NOT NULL,
  `password` varchar(20) NOT NULL DEFAULT '8888'
) ENGINE=MyISAM DEFAULT CHARSET=latin1;

--
-- 转存表中的数据 `root`
--

INSERT INTO `root` (`admin`, `password`) VALUES
('zhanghui', '8888');

-- --------------------------------------------------------

--
-- 表的结构 `rs`
--

CREATE TABLE IF NOT EXISTS `rs` (
  `id` varchar(36) NOT NULL COMMENT 'rsitems的主键',
  `document_id` varchar(36) NOT NULL COMMENT 'rsitems所属文献',
  `tag` varchar(20) NOT NULL COMMENT '标签名称，添加索引',
  `description` text NOT NULL COMMENT '标签描述',
  `implement` varchar(10) NOT NULL COMMENT '手段',
  `priority` enum('High','Average','Low') NOT NULL COMMENT '优先级',
  `contribution` varchar(10) NOT NULL COMMENT '安全性',
  `category` varchar(20) NOT NULL COMMENT '类别',
  `allocation` varchar(200) NOT NULL COMMENT '分配对象',
  `vatstr_id` varchar(36) NOT NULL COMMENT '对应管理员分配的vat',
  `varstr_result` int(1) NOT NULL DEFAULT '0',
  `created_at` datetime NOT NULL,
  `updated_at` datetime NOT NULL
) ENGINE=MyISAM DEFAULT CHARSET=utf8;

--
-- 转存表中的数据 `rs`
--

INSERT INTO `rs` (`id`, `document_id`, `tag`, `description`, `implement`, `priority`, `contribution`, `category`, `allocation`, `vatstr_id`, `varstr_result`, `created_at`, `updated_at`) VALUES
('9123ffb2-a6c5-11e4-b3f2-2eb1ec8cf52b', 'd6889236-ad21-11e4-aa9b-cf2d72b432dc', '[TSP-SyRS-0001]', 'Trackside safety product shall consist of TSP and application software (APP).\r\nTrackside safety product shall consist of TSP and application software (APP).\r\n轨旁安全产品由TSP和应用软件（APP）组成。\r\n', ' 1.1.0', 'High', ' SIL0', ' Functional', ' [TSP-SyAD]\r\n', '', 0, '2014-12-09 03:50:31', '2015-03-10 02:57:25'),
('9123ffb2-a6c5-11e4-b3f2-2eb11a8cf52a', 'd6889236-ad21-11e4-aa9b-cf2d72b432dc', '[TSP-SyRS-0004]', 'Safety product shall consist of TSP and application software (APP).\r\nTrackside safety product shall consist of TSP and application software (APP).\r\n轨旁安全产品由TSP和应用软件（APP）组成。\r\n', ' 1.1.0', 'Average', ' SIL0', ' Functional', ' [TSP-SyAD]\r\n', '6ffd5327-f853-4b05-bcad-f741536afb93', 0, '2014-12-09 03:50:31', '2015-03-12 07:19:11'),
('9123ffb2-a6c5-11e4-b3f2-2eb1ec8cf52a', 'd6889236-ad21-11e4-aa9b-cf2d72b432dc', '[TSP-SyRS-0002]', 'Safety product shall consist of TSP and application software (APP).\r\nTrackside safety product shall consist of TSP and application software (APP).\r\n轨旁安全产品由TSP和应用软件（APP）组成。\r\n', ' 1.1.0', 'Average', ' SIL0', ' Functional', ' [TSP-SyAD]\r\n', '', 0, '2014-12-09 03:50:31', '2015-03-10 02:57:25'),
('9123ffb2-a6c5-11e4-b3f2-2eb1ea8cf52a', 'd6889236-ad21-11e4-aa9b-cf2d72b432dc', '[TSP-SyRS-0003]', 'Safety product shall consist of TSP and application software (APP).\r\nTrackside safety product shall consist of TSP and application software (APP).\r\n轨旁安全产品由TSP和应用软件（APP）组成。\r\n', ' 1.1.0', 'Average', ' SIL0', ' Functional', ' [TSP-SyAD]\r\n', '6ffd5327-f853-4b05-bcad-f741536afb93', 0, '2014-12-09 03:50:31', '2015-03-12 07:19:11');

-- --------------------------------------------------------

--
-- 表的结构 `rs_tc`
--

CREATE TABLE IF NOT EXISTS `rs_tc` (
`id` int(10) unsigned NOT NULL,
  `rs_id` int(11) NOT NULL,
  `tc_id` int(11) NOT NULL,
  `created_at` datetime NOT NULL,
  `updated_at` datetime NOT NULL
) ENGINE=MyISAM AUTO_INCREMENT=20 DEFAULT CHARSET=utf8;

--
-- 转存表中的数据 `rs_tc`
--

INSERT INTO `rs_tc` (`id`, `rs_id`, `tc_id`, `created_at`, `updated_at`) VALUES
(1, 1, 1, '2014-12-15 00:00:00', '2014-12-15 00:00:00'),
(2, 0, 8, '0000-00-00 00:00:00', '0000-00-00 00:00:00'),
(3, 1, 10, '0000-00-00 00:00:00', '0000-00-00 00:00:00'),
(4, 5, 10, '0000-00-00 00:00:00', '0000-00-00 00:00:00'),
(5, 11, 11, '0000-00-00 00:00:00', '0000-00-00 00:00:00'),
(6, 5, 11, '0000-00-00 00:00:00', '0000-00-00 00:00:00'),
(7, 10, 11, '0000-00-00 00:00:00', '0000-00-00 00:00:00'),
(8, 13, 11, '0000-00-00 00:00:00', '0000-00-00 00:00:00'),
(9, 16, 11, '0000-00-00 00:00:00', '0000-00-00 00:00:00'),
(10, 20, 11, '0000-00-00 00:00:00', '0000-00-00 00:00:00'),
(11, 5, 12, '0000-00-00 00:00:00', '0000-00-00 00:00:00'),
(12, 8, 12, '0000-00-00 00:00:00', '0000-00-00 00:00:00'),
(13, 10, 12, '0000-00-00 00:00:00', '0000-00-00 00:00:00'),
(14, 5, 13, '0000-00-00 00:00:00', '0000-00-00 00:00:00'),
(15, 8, 13, '0000-00-00 00:00:00', '0000-00-00 00:00:00'),
(16, 10, 13, '0000-00-00 00:00:00', '0000-00-00 00:00:00'),
(17, 0, 14, '0000-00-00 00:00:00', '0000-00-00 00:00:00'),
(18, 14, 15, '0000-00-00 00:00:00', '0000-00-00 00:00:00'),
(19, 13, 15, '0000-00-00 00:00:00', '0000-00-00 00:00:00');

-- --------------------------------------------------------

--
-- 表的结构 `rs_vat`
--

CREATE TABLE IF NOT EXISTS `rs_vat` (
  `rs_id` varchar(36) NOT NULL,
  `vat_id` varchar(36) NOT NULL
) ENGINE=InnoDB DEFAULT CHARSET=utf8;

--
-- 转存表中的数据 `rs_vat`
--

INSERT INTO `rs_vat` (`rs_id`, `vat_id`) VALUES
('28b38466-a6c0-11e4-b3f2-2eb1ec8cf52b', 'fd7bdad4-c56c-410c-95b6-910e53f1dd6b'),
('28b38466-a6c0-11e4-b3f2-2eb1ec8cf52b', '399b97e7-776f-49f3-b4fe-ffc218f0ff55'),
('28b38466-a6c0-11e4-b3f2-2eb1ec8cf52b', '01e87349-d3b1-4985-b261-2de78719a825'),
('9123ffb2-a6c5-11e4-b3f2-2eb1ec8cf52b', '9123ffb2-a6c5-11e4-b3f2-2eb1ec8cf52b'),
('9123ffb2-a6c5-11e4-b3f2-2eb1ec8cf52b', '399b97e7-776f-49f3-b4fe-ffc218f0ff55');

-- --------------------------------------------------------

--
-- 表的结构 `source`
--

CREATE TABLE IF NOT EXISTS `source` (
`id` int(11) NOT NULL COMMENT 'src的id',
  `item_id` int(11) NOT NULL COMMENT '所属item的id',
  `src_type` varchar(20) NOT NULL COMMENT '所属item的类别',
  `source` varchar(20) NOT NULL COMMENT '数据源',
  `created_at` datetime NOT NULL,
  `updated_at` datetime NOT NULL
) ENGINE=MyISAM AUTO_INCREMENT=248 DEFAULT CHARSET=utf8;

--
-- 转存表中的数据 `source`
--

INSERT INTO `source` (`id`, `item_id`, `src_type`, `source`, `created_at`, `updated_at`) VALUES
(1, 1, 'sadwqesdqwewq', 'adwedqdxwq', '0000-00-00 00:00:00', '0000-00-00 00:00:00'),
(2, 5, '', 'TSP-SyUR-0001', '2014-12-08 08:21:21', '2014-12-08 08:21:21'),
(3, 6, '', 'TSP-SyUR-0004', '2014-12-08 08:21:21', '2014-12-08 08:21:21'),
(4, 7, '', 'TSP-SyUR-0001', '2014-12-08 08:26:33', '2014-12-08 08:26:33'),
(5, 8, '', 'TSP-SyUR-0004', '2014-12-08 08:26:33', '2014-12-08 08:26:33'),
(6, 9, '', 'TSP-SyUR-0001', '2014-12-08 08:27:52', '2014-12-08 08:27:52'),
(7, 10, '', 'TSP-SyUR-0004', '2014-12-08 08:27:52', '2014-12-08 08:27:52'),
(8, 11, '', 'TSP-SyUR-0001', '2014-12-08 08:30:19', '2014-12-08 08:30:19'),
(9, 12, '', 'TSP-SyUR-0004', '2014-12-08 08:30:19', '2014-12-08 08:30:19'),
(10, 16, '', 'TSP-SyUR-0001', '2014-12-08 08:50:48', '2014-12-08 08:50:48'),
(11, 17, '', 'TSP-SyUR-0004', '2014-12-08 08:50:48', '2014-12-08 08:50:48'),
(12, 18, '', 'TSP-SyUR-0001', '2014-12-08 08:52:54', '2014-12-08 08:52:54'),
(13, 19, '', 'TSP-SyUR-0004', '2014-12-08 08:52:54', '2014-12-08 08:52:54'),
(14, 20, '', 'TSP-SyUR-0001', '2014-12-08 08:56:42', '2014-12-08 08:56:42'),
(15, 21, '', 'TSP-SyUR-0004', '2014-12-08 08:56:42', '2014-12-08 08:56:42'),
(16, 22, '', 'TSP-SyUR-0001', '2014-12-08 10:20:39', '2014-12-08 10:20:39'),
(17, 23, '', 'TSP-SyUR-0004', '2014-12-08 10:20:39', '2014-12-08 10:20:39'),
(18, 24, '', 'TSP-RAMSRs-0010', '2014-12-08 10:20:39', '2014-12-08 10:20:39'),
(19, 25, '', 'TSP-SyUR-0032', '2014-12-08 10:20:39', '2014-12-08 10:20:39'),
(20, 25, '', 'TSP-SyUR-0038', '2014-12-08 10:20:39', '2014-12-08 10:20:39'),
(21, 25, '', 'TSP-SyUR-0101', '2014-12-08 10:20:39', '2014-12-08 10:20:39'),
(22, 25, '', 'TSP-SyUR-0048', '2014-12-08 10:20:39', '2014-12-08 10:20:39'),
(23, 25, '', 'TSP-SyUR-0117', '2014-12-08 10:20:39', '2014-12-08 10:20:39'),
(24, 25, '', 'TSP-SyUR-0001', '2014-12-08 10:20:39', '2014-12-08 10:20:39'),
(25, 26, '', 'TSP-SyUR-0032', '2014-12-08 10:20:39', '2014-12-08 10:20:39'),
(26, 27, '', 'TSP-SyUR-0004', '2014-12-08 10:20:39', '2014-12-08 10:20:39'),
(27, 28, '', 'TSP-SyUR-0115', '2014-12-08 10:20:39', '2014-12-08 10:20:39'),
(28, 28, '', 'TSP-SyPHA-0023', '2014-12-08 10:20:39', '2014-12-08 10:20:39'),
(29, 29, '', 'TSP-SyPHA-0007', '2014-12-08 10:20:39', '2014-12-08 10:20:39'),
(30, 29, '', 'TSP-SyPHA-0008', '2014-12-08 10:20:39', '2014-12-08 10:20:39'),
(31, 30, '', 'TSP-SyUR-0001', '2014-12-08 10:20:39', '2014-12-08 10:20:39'),
(32, 31, '', 'TSP-SyPHA-0021', '2014-12-08 10:20:39', '2014-12-08 10:20:39'),
(33, 32, '', 'TSP-SyUR-0004', '2014-12-08 10:20:39', '2014-12-08 10:20:39'),
(34, 33, '', 'TSP-SyUR-0049', '2014-12-08 10:20:39', '2014-12-08 10:20:39'),
(35, 33, '', 'TSP-SyPHA-0015', '2014-12-08 10:20:40', '2014-12-08 10:20:40'),
(36, 33, '', 'TSP-SyPHA-0017', '2014-12-08 10:20:40', '2014-12-08 10:20:40'),
(37, 34, '', 'TSP-SyUR-0021', '2014-12-08 10:20:40', '2014-12-08 10:20:40'),
(38, 35, '', 'TSP-SyUR-0019', '2014-12-08 10:20:40', '2014-12-08 10:20:40'),
(39, 36, '', 'TSP-SyUR-0003', '2014-12-08 10:20:40', '2014-12-08 10:20:40'),
(40, 37, '', 'TSP-SyPHA-0027', '2014-12-08 10:20:40', '2014-12-08 10:20:40'),
(41, 38, '', 'TSP-SyUR-0037', '2014-12-08 10:20:40', '2014-12-08 10:20:40'),
(42, 38, '', 'TSP-SyUR-0101', '2014-12-08 10:20:40', '2014-12-08 10:20:40'),
(43, 39, '', 'TSP-SyUR-0037', '2014-12-08 10:20:40', '2014-12-08 10:20:40'),
(44, 40, '', 'TSP-SyUR-0101', '2014-12-08 10:20:40', '2014-12-08 10:20:40'),
(45, 41, '', 'TSP-SyUR-0097', '2014-12-08 10:20:40', '2014-12-08 10:20:40'),
(46, 42, '', 'TSP-SyUR-0032', '2014-12-08 10:20:40', '2014-12-08 10:20:40'),
(47, 43, '', 'TSP-SyUR-0032', '2014-12-08 10:20:40', '2014-12-08 10:20:40'),
(48, 44, '', 'TSP-SyUR-0032', '2014-12-08 10:20:40', '2014-12-08 10:20:40'),
(49, 45, '', 'TSP-SyPHA-0028', '2014-12-08 10:20:40', '2014-12-08 10:20:40'),
(50, 45, '', 'TSP-SyPHA-0026', '2014-12-08 10:20:40', '2014-12-08 10:20:40'),
(51, 46, '', 'TSP-SyPHA-0029', '2014-12-08 10:20:40', '2014-12-08 10:20:40'),
(52, 47, '', 'TSP-SyPHA-0025', '2014-12-08 10:20:40', '2014-12-08 10:20:40'),
(53, 48, '', 'TSP-SyUR-0038', '2014-12-08 10:20:40', '2014-12-08 10:20:40'),
(54, 48, '', 'TSP-SyUR-0054', '2014-12-08 10:20:40', '2014-12-08 10:20:40'),
(55, 49, '', 'TSP-SyUR-0054', '2014-12-08 10:20:40', '2014-12-08 10:20:40'),
(56, 50, '', 'TSP-SyUR-0038', '2014-12-08 10:20:41', '2014-12-08 10:20:41'),
(57, 51, '', 'TSP-SyUR-0023', '2014-12-08 10:20:41', '2014-12-08 10:20:41'),
(58, 52, '', 'TSP-SyPHA-0003', '2014-12-08 10:20:41', '2014-12-08 10:20:41'),
(59, 53, '', 'TSP-SyPHA-0001', '2014-12-08 10:20:41', '2014-12-08 10:20:41'),
(60, 53, '', 'TSP-SyPHA-0002', '2014-12-08 10:20:41', '2014-12-08 10:20:41'),
(61, 53, '', 'TSP-SyPHA-0003', '2014-12-08 10:20:41', '2014-12-08 10:20:41'),
(62, 53, '', 'TSP-SyPHA-0004', '2014-12-08 10:20:41', '2014-12-08 10:20:41'),
(63, 53, '', 'TSP-SyPHA-0005', '2014-12-08 10:20:41', '2014-12-08 10:20:41'),
(64, 54, '', 'TSP-SyUR-0023', '2014-12-08 10:20:41', '2014-12-08 10:20:41'),
(65, 55, '', 'TSP-SyUR-0115', '2014-12-08 10:20:41', '2014-12-08 10:20:41'),
(66, 56, '', 'TSP-SyUR-0054', '2014-12-08 10:20:41', '2014-12-08 10:20:41'),
(67, 57, '', 'TSP-SyUR-0054', '2014-12-08 10:20:41', '2014-12-08 10:20:41'),
(68, 57, '', 'TSP-SyUR-0115', '2014-12-08 10:20:41', '2014-12-08 10:20:41'),
(69, 57, '', 'TSP-RAMSRs-0016', '2014-12-08 10:20:41', '2014-12-08 10:20:41'),
(70, 57, '', 'TSP-RAMSRs-0019', '2014-12-08 10:20:41', '2014-12-08 10:20:41'),
(71, 58, '', 'TSP-SyUR-0115', '2014-12-08 10:20:41', '2014-12-08 10:20:41'),
(72, 59, '', 'TSP-SyUR-0115', '2014-12-08 10:20:41', '2014-12-08 10:20:41'),
(73, 60, '', 'TSP-SyUR-0115', '2014-12-08 10:20:41', '2014-12-08 10:20:41'),
(74, 61, '', 'TSP-SyUR-0117', '2014-12-08 10:20:41', '2014-12-08 10:20:41'),
(75, 62, '', 'TSP-RAMSRs-0010', '2014-12-08 10:20:41', '2014-12-08 10:20:41'),
(76, 63, '', 'TSP-SyUR-0070', '2014-12-08 10:20:41', '2014-12-08 10:20:41'),
(77, 64, '', 'TSP-RAMSRs-0015', '2014-12-08 10:20:41', '2014-12-08 10:20:41'),
(78, 65, '', 'TSP-SyUR-0106', '2014-12-08 10:20:41', '2014-12-08 10:20:41'),
(79, 66, '', 'TSP-SyUR-0019', '2014-12-08 10:20:41', '2014-12-08 10:20:41'),
(80, 66, '', 'TSP-SyUR-0104', '2014-12-08 10:20:41', '2014-12-08 10:20:41'),
(81, 66, '', 'TSP-SyPHA-0010', '2014-12-08 10:20:42', '2014-12-08 10:20:42'),
(82, 66, '', 'TSP-RAMSRs-0007', '2014-12-08 10:20:42', '2014-12-08 10:20:42'),
(83, 67, '', 'TSP-SyPHA-0030', '2014-12-08 10:20:42', '2014-12-08 10:20:42'),
(84, 67, '', 'TSP-RAMSRs-0010', '2014-12-08 10:20:42', '2014-12-08 10:20:42'),
(85, 68, '', 'TSP-SyUR-0100', '2014-12-08 10:20:42', '2014-12-08 10:20:42'),
(86, 69, '', 'TSP-RAMSRs-0010', '2014-12-08 10:20:42', '2014-12-08 10:20:42'),
(87, 70, '', 'TSP-SyUR-0003', '2014-12-08 10:20:42', '2014-12-08 10:20:42'),
(88, 71, '', 'TSP-SyUR-0001', '2014-12-09 03:39:43', '2014-12-09 03:39:43'),
(89, 72, '', 'TSP-SyUR-0004', '2014-12-09 03:39:43', '2014-12-09 03:39:43'),
(90, 73, '', 'TSP-RAMSRs-0010', '2014-12-09 03:39:43', '2014-12-09 03:39:43'),
(91, 74, '', 'TSP-SyUR-0032', '2014-12-09 03:39:43', '2014-12-09 03:39:43'),
(92, 74, '', 'TSP-SyUR-0038', '2014-12-09 03:39:43', '2014-12-09 03:39:43'),
(93, 74, '', 'TSP-SyUR-0101', '2014-12-09 03:39:43', '2014-12-09 03:39:43'),
(94, 74, '', 'TSP-SyUR-0048', '2014-12-09 03:39:43', '2014-12-09 03:39:43'),
(95, 74, '', 'TSP-SyUR-0117', '2014-12-09 03:39:43', '2014-12-09 03:39:43'),
(96, 74, '', 'TSP-SyUR-0001', '2014-12-09 03:39:43', '2014-12-09 03:39:43'),
(97, 75, '', 'TSP-SyUR-0032', '2014-12-09 03:39:43', '2014-12-09 03:39:43'),
(98, 76, '', 'TSP-SyUR-0004', '2014-12-09 03:39:43', '2014-12-09 03:39:43'),
(99, 77, '', 'TSP-SyUR-0115', '2014-12-09 03:39:43', '2014-12-09 03:39:43'),
(100, 77, '', 'TSP-SyPHA-0023', '2014-12-09 03:39:43', '2014-12-09 03:39:43'),
(101, 78, '', 'TSP-SyPHA-0007', '2014-12-09 03:39:43', '2014-12-09 03:39:43'),
(102, 78, '', 'TSP-SyPHA-0008', '2014-12-09 03:39:43', '2014-12-09 03:39:43'),
(103, 79, '', 'TSP-SyUR-0001', '2014-12-09 03:39:43', '2014-12-09 03:39:43'),
(104, 80, '', 'TSP-SyPHA-0021', '2014-12-09 03:39:43', '2014-12-09 03:39:43'),
(105, 81, '', 'TSP-SyUR-0004', '2014-12-09 03:39:43', '2014-12-09 03:39:43'),
(106, 82, '', 'TSP-SyUR-0049', '2014-12-09 03:39:43', '2014-12-09 03:39:43'),
(107, 82, '', 'TSP-SyPHA-0015', '2014-12-09 03:39:43', '2014-12-09 03:39:43'),
(108, 82, '', 'TSP-SyPHA-0017', '2014-12-09 03:39:43', '2014-12-09 03:39:43'),
(109, 83, '', 'TSP-SyUR-0021', '2014-12-09 03:39:43', '2014-12-09 03:39:43'),
(110, 84, '', 'TSP-SyUR-0019', '2014-12-09 03:39:43', '2014-12-09 03:39:43'),
(111, 85, '', 'TSP-SyUR-0003', '2014-12-09 03:39:43', '2014-12-09 03:39:43'),
(112, 86, '', 'TSP-SyPHA-0027', '2014-12-09 03:39:43', '2014-12-09 03:39:43'),
(113, 87, '', 'TSP-SyUR-0037', '2014-12-09 03:39:43', '2014-12-09 03:39:43'),
(114, 87, '', 'TSP-SyUR-0101', '2014-12-09 03:39:43', '2014-12-09 03:39:43'),
(115, 88, '', 'TSP-SyUR-0037', '2014-12-09 03:39:43', '2014-12-09 03:39:43'),
(116, 89, '', 'TSP-SyUR-0101', '2014-12-09 03:39:43', '2014-12-09 03:39:43'),
(117, 90, '', 'TSP-SyUR-0097', '2014-12-09 03:39:43', '2014-12-09 03:39:43'),
(118, 91, '', 'TSP-SyUR-0032', '2014-12-09 03:39:43', '2014-12-09 03:39:43'),
(119, 92, '', 'TSP-SyUR-0032', '2014-12-09 03:39:43', '2014-12-09 03:39:43'),
(120, 93, '', 'TSP-SyUR-0032', '2014-12-09 03:39:43', '2014-12-09 03:39:43'),
(121, 94, '', 'TSP-SyPHA-0028', '2014-12-09 03:39:43', '2014-12-09 03:39:43'),
(122, 94, '', 'TSP-SyPHA-0026', '2014-12-09 03:39:43', '2014-12-09 03:39:43'),
(123, 95, '', 'TSP-SyPHA-0029', '2014-12-09 03:39:43', '2014-12-09 03:39:43'),
(124, 96, '', 'TSP-SyPHA-0025', '2014-12-09 03:39:43', '2014-12-09 03:39:43'),
(125, 97, '', 'TSP-SyUR-0038', '2014-12-09 03:39:43', '2014-12-09 03:39:43'),
(126, 97, '', 'TSP-SyUR-0054', '2014-12-09 03:39:43', '2014-12-09 03:39:43'),
(127, 98, '', 'TSP-SyUR-0054', '2014-12-09 03:39:43', '2014-12-09 03:39:43'),
(128, 99, '', 'TSP-SyUR-0038', '2014-12-09 03:39:43', '2014-12-09 03:39:43'),
(129, 100, '', 'TSP-SyUR-0023', '2014-12-09 03:39:43', '2014-12-09 03:39:43'),
(130, 101, '', 'TSP-SyPHA-0003', '2014-12-09 03:39:43', '2014-12-09 03:39:43'),
(131, 102, '', 'TSP-SyPHA-0001', '2014-12-09 03:39:43', '2014-12-09 03:39:43'),
(132, 102, '', 'TSP-SyPHA-0002', '2014-12-09 03:39:43', '2014-12-09 03:39:43'),
(133, 102, '', 'TSP-SyPHA-0003', '2014-12-09 03:39:43', '2014-12-09 03:39:43'),
(134, 102, '', 'TSP-SyPHA-0004', '2014-12-09 03:39:43', '2014-12-09 03:39:43'),
(135, 102, '', 'TSP-SyPHA-0005', '2014-12-09 03:39:43', '2014-12-09 03:39:43'),
(136, 103, '', 'TSP-SyUR-0023', '2014-12-09 03:39:43', '2014-12-09 03:39:43'),
(137, 104, '', 'TSP-SyUR-0115', '2014-12-09 03:39:43', '2014-12-09 03:39:43'),
(138, 105, '', 'TSP-SyUR-0054', '2014-12-09 03:39:43', '2014-12-09 03:39:43'),
(139, 106, '', 'TSP-SyUR-0054', '2014-12-09 03:39:43', '2014-12-09 03:39:43'),
(140, 106, '', 'TSP-SyUR-0115', '2014-12-09 03:39:43', '2014-12-09 03:39:43'),
(141, 106, '', 'TSP-RAMSRs-0016', '2014-12-09 03:39:43', '2014-12-09 03:39:43'),
(142, 106, '', 'TSP-RAMSRs-0019', '2014-12-09 03:39:43', '2014-12-09 03:39:43'),
(143, 107, '', 'TSP-SyUR-0115', '2014-12-09 03:39:43', '2014-12-09 03:39:43'),
(144, 108, '', 'TSP-SyUR-0115', '2014-12-09 03:39:43', '2014-12-09 03:39:43'),
(145, 109, '', 'TSP-SyUR-0115', '2014-12-09 03:39:43', '2014-12-09 03:39:43'),
(146, 110, '', 'TSP-SyUR-0117', '2014-12-09 03:39:43', '2014-12-09 03:39:43'),
(147, 111, '', 'TSP-RAMSRs-0010', '2014-12-09 03:39:43', '2014-12-09 03:39:43'),
(148, 112, '', 'TSP-SyUR-0070', '2014-12-09 03:39:43', '2014-12-09 03:39:43'),
(149, 113, '', 'TSP-RAMSRs-0015', '2014-12-09 03:39:43', '2014-12-09 03:39:43'),
(150, 114, '', 'TSP-SyUR-0106', '2014-12-09 03:39:43', '2014-12-09 03:39:43'),
(151, 115, '', 'TSP-SyUR-0019', '2014-12-09 03:39:43', '2014-12-09 03:39:43'),
(152, 115, '', 'TSP-SyUR-0104', '2014-12-09 03:39:43', '2014-12-09 03:39:43'),
(153, 115, '', 'TSP-SyPHA-0010', '2014-12-09 03:39:43', '2014-12-09 03:39:43'),
(154, 115, '', 'TSP-RAMSRs-0007', '2014-12-09 03:39:43', '2014-12-09 03:39:43'),
(155, 116, '', 'TSP-SyPHA-0030', '2014-12-09 03:39:43', '2014-12-09 03:39:43'),
(156, 116, '', 'TSP-RAMSRs-0010', '2014-12-09 03:39:43', '2014-12-09 03:39:43'),
(157, 117, '', 'TSP-SyUR-0100', '2014-12-09 03:39:43', '2014-12-09 03:39:43'),
(158, 118, '', 'TSP-RAMSRs-0010', '2014-12-09 03:39:43', '2014-12-09 03:39:43'),
(159, 119, '', 'TSP-SyUR-0003', '2014-12-09 03:39:43', '2014-12-09 03:39:43'),
(160, 120, '', 'TSP-SyUR-0001', '2014-12-09 03:41:35', '2014-12-09 03:41:35'),
(161, 121, '', 'TSP-SyUR-0004', '2014-12-09 03:41:35', '2014-12-09 03:41:35'),
(162, 122, '', 'TSP-SyUR-0001', '2014-12-09 03:43:02', '2014-12-09 03:43:02'),
(163, 123, '', 'TSP-SyUR-0004', '2014-12-09 03:43:02', '2014-12-09 03:43:02'),
(164, 1, '', 'TSP-SyUR-0001', '2014-12-09 03:44:14', '2014-12-09 03:44:14'),
(165, 2, '', 'TSP-SyUR-0004', '2014-12-09 03:44:14', '2014-12-09 03:44:14'),
(166, 3, '', 'TSP-SyUR-0001', '2014-12-09 03:45:11', '2014-12-09 03:45:11'),
(167, 4, '', 'TSP-SyUR-0004', '2014-12-09 03:45:11', '2014-12-09 03:45:11'),
(168, 5, '', 'TSP-SyUR-0001', '2014-12-09 03:45:35', '2014-12-09 03:45:35'),
(169, 6, '', 'TSP-SyUR-0004', '2014-12-09 03:45:35', '2014-12-09 03:45:35'),
(170, 7, '', 'TSP-SyUR-0001', '2014-12-09 03:47:45', '2014-12-09 03:47:45'),
(171, 8, '', 'TSP-SyUR-0004', '2014-12-09 03:47:45', '2014-12-09 03:47:45'),
(172, 9, '', 'TSP-SyUR-0001', '2014-12-09 03:49:34', '2014-12-09 03:49:34'),
(173, 10, '', 'TSP-SyUR-0004', '2014-12-09 03:49:34', '2014-12-09 03:49:34'),
(174, 1, '', 'TSP-SyUR-0001', '2014-12-09 03:50:31', '2014-12-09 03:50:31'),
(175, 2, '', 'TSP-SyUR-0004', '2014-12-09 03:50:31', '2014-12-09 03:50:31'),
(176, 3, '', 'TSP-SyUR-0001', '2014-12-09 06:27:47', '2014-12-09 06:27:47'),
(177, 4, '', 'TSP-SyUR-0004', '2014-12-09 06:27:47', '2014-12-09 06:27:47'),
(178, 5, '', 'TSP-RAMSRs-0010', '2014-12-09 06:27:47', '2014-12-09 06:27:47'),
(179, 6, '', 'TSP-SyUR-0032', '2014-12-09 06:27:47', '2014-12-09 06:27:47'),
(180, 6, '', 'TSP-SyUR-0038', '2014-12-09 06:27:47', '2014-12-09 06:27:47'),
(181, 6, '', 'TSP-SyUR-0101', '2014-12-09 06:27:47', '2014-12-09 06:27:47'),
(182, 6, '', 'TSP-SyUR-0048', '2014-12-09 06:27:47', '2014-12-09 06:27:47'),
(183, 6, '', 'TSP-SyUR-0117', '2014-12-09 06:27:47', '2014-12-09 06:27:47'),
(184, 6, '', 'TSP-SyUR-0001', '2014-12-09 06:27:47', '2014-12-09 06:27:47'),
(185, 7, '', 'TSP-SyUR-0032', '2014-12-09 06:27:47', '2014-12-09 06:27:47'),
(186, 8, '', 'TSP-SyUR-0004', '2014-12-09 06:27:47', '2014-12-09 06:27:47'),
(187, 9, '', 'TSP-SyUR-0115', '2014-12-09 06:27:47', '2014-12-09 06:27:47'),
(188, 9, '', 'TSP-SyPHA-0023', '2014-12-09 06:27:47', '2014-12-09 06:27:47'),
(189, 10, '', 'TSP-SyPHA-0007', '2014-12-09 06:27:47', '2014-12-09 06:27:47'),
(190, 10, '', 'TSP-SyPHA-0008', '2014-12-09 06:27:47', '2014-12-09 06:27:47'),
(191, 11, '', 'TSP-SyUR-0001', '2014-12-09 06:27:47', '2014-12-09 06:27:47'),
(192, 12, '', 'TSP-SyPHA-0021', '2014-12-09 06:27:47', '2014-12-09 06:27:47'),
(193, 13, '', 'TSP-SyUR-0004', '2014-12-09 06:27:47', '2014-12-09 06:27:47'),
(194, 14, '', 'TSP-SyUR-0049', '2014-12-09 06:27:47', '2014-12-09 06:27:47'),
(195, 14, '', 'TSP-SyPHA-0015', '2014-12-09 06:27:47', '2014-12-09 06:27:47'),
(196, 14, '', 'TSP-SyPHA-0017', '2014-12-09 06:27:47', '2014-12-09 06:27:47'),
(197, 15, '', 'TSP-SyUR-0021', '2014-12-09 06:27:47', '2014-12-09 06:27:47'),
(198, 16, '', 'TSP-SyUR-0019', '2014-12-09 06:27:47', '2014-12-09 06:27:47'),
(199, 17, '', 'TSP-SyUR-0003', '2014-12-09 06:27:47', '2014-12-09 06:27:47'),
(200, 18, '', 'TSP-SyPHA-0027', '2014-12-09 06:27:47', '2014-12-09 06:27:47'),
(201, 19, '', 'TSP-SyUR-0037', '2014-12-09 06:27:47', '2014-12-09 06:27:47'),
(202, 19, '', 'TSP-SyUR-0101', '2014-12-09 06:27:47', '2014-12-09 06:27:47'),
(203, 20, '', 'TSP-SyUR-0037', '2014-12-09 06:27:47', '2014-12-09 06:27:47'),
(204, 21, '', 'TSP-SyUR-0101', '2014-12-09 06:27:47', '2014-12-09 06:27:47'),
(205, 22, '', 'TSP-SyUR-0097', '2014-12-09 06:27:47', '2014-12-09 06:27:47'),
(206, 23, '', 'TSP-SyUR-0032', '2014-12-09 06:27:47', '2014-12-09 06:27:47'),
(207, 24, '', 'TSP-SyUR-0032', '2014-12-09 06:27:47', '2014-12-09 06:27:47'),
(208, 25, '', 'TSP-SyUR-0032', '2014-12-09 06:27:47', '2014-12-09 06:27:47'),
(209, 26, '', 'TSP-SyPHA-0028', '2014-12-09 06:27:47', '2014-12-09 06:27:47'),
(210, 26, '', 'TSP-SyPHA-0026', '2014-12-09 06:27:47', '2014-12-09 06:27:47'),
(211, 27, '', 'TSP-SyPHA-0029', '2014-12-09 06:27:47', '2014-12-09 06:27:47'),
(212, 28, '', 'TSP-SyPHA-0025', '2014-12-09 06:27:47', '2014-12-09 06:27:47'),
(213, 29, '', 'TSP-SyUR-0038', '2014-12-09 06:27:47', '2014-12-09 06:27:47'),
(214, 29, '', 'TSP-SyUR-0054', '2014-12-09 06:27:47', '2014-12-09 06:27:47'),
(215, 30, '', 'TSP-SyUR-0054', '2014-12-09 06:27:47', '2014-12-09 06:27:47'),
(216, 31, '', 'TSP-SyUR-0038', '2014-12-09 06:27:47', '2014-12-09 06:27:47'),
(217, 32, '', 'TSP-SyUR-0023', '2014-12-09 06:27:47', '2014-12-09 06:27:47'),
(218, 33, '', 'TSP-SyPHA-0003', '2014-12-09 06:27:47', '2014-12-09 06:27:47'),
(219, 34, '', 'TSP-SyPHA-0001', '2014-12-09 06:27:47', '2014-12-09 06:27:47'),
(220, 34, '', 'TSP-SyPHA-0002', '2014-12-09 06:27:47', '2014-12-09 06:27:47'),
(221, 34, '', 'TSP-SyPHA-0003', '2014-12-09 06:27:47', '2014-12-09 06:27:47'),
(222, 34, '', 'TSP-SyPHA-0004', '2014-12-09 06:27:47', '2014-12-09 06:27:47'),
(223, 34, '', 'TSP-SyPHA-0005', '2014-12-09 06:27:47', '2014-12-09 06:27:47'),
(224, 35, '', 'TSP-SyUR-0023', '2014-12-09 06:27:47', '2014-12-09 06:27:47'),
(225, 36, '', 'TSP-SyUR-0115', '2014-12-09 06:27:47', '2014-12-09 06:27:47'),
(226, 37, '', 'TSP-SyUR-0054', '2014-12-09 06:27:47', '2014-12-09 06:27:47'),
(227, 38, '', 'TSP-SyUR-0054', '2014-12-09 06:27:47', '2014-12-09 06:27:47'),
(228, 38, '', 'TSP-SyUR-0115', '2014-12-09 06:27:47', '2014-12-09 06:27:47'),
(229, 38, '', 'TSP-RAMSRs-0016', '2014-12-09 06:27:47', '2014-12-09 06:27:47'),
(230, 38, '', 'TSP-RAMSRs-0019', '2014-12-09 06:27:47', '2014-12-09 06:27:47'),
(231, 39, '', 'TSP-SyUR-0115', '2014-12-09 06:27:47', '2014-12-09 06:27:47'),
(232, 40, '', 'TSP-SyUR-0115', '2014-12-09 06:27:47', '2014-12-09 06:27:47'),
(233, 41, '', 'TSP-SyUR-0115', '2014-12-09 06:27:47', '2014-12-09 06:27:47'),
(234, 42, '', 'TSP-SyUR-0117', '2014-12-09 06:27:47', '2014-12-09 06:27:47'),
(235, 43, '', 'TSP-RAMSRs-0010', '2014-12-09 06:27:47', '2014-12-09 06:27:47'),
(236, 44, '', 'TSP-SyUR-0070', '2014-12-09 06:27:47', '2014-12-09 06:27:47'),
(237, 45, '', 'TSP-RAMSRs-0015', '2014-12-09 06:27:47', '2014-12-09 06:27:47'),
(238, 46, '', 'TSP-SyUR-0106', '2014-12-09 06:27:47', '2014-12-09 06:27:47'),
(239, 47, '', 'TSP-SyUR-0019', '2014-12-09 06:27:47', '2014-12-09 06:27:47'),
(240, 47, '', 'TSP-SyUR-0104', '2014-12-09 06:27:47', '2014-12-09 06:27:47'),
(241, 47, '', 'TSP-SyPHA-0010', '2014-12-09 06:27:47', '2014-12-09 06:27:47'),
(242, 47, '', 'TSP-RAMSRs-0007', '2014-12-09 06:27:47', '2014-12-09 06:27:47'),
(243, 48, '', 'TSP-SyPHA-0030', '2014-12-09 06:27:47', '2014-12-09 06:27:47'),
(244, 48, '', 'TSP-RAMSRs-0010', '2014-12-09 06:27:47', '2014-12-09 06:27:47'),
(245, 49, '', 'TSP-SyUR-0100', '2014-12-09 06:27:47', '2014-12-09 06:27:47'),
(246, 50, '', 'TSP-RAMSRs-0010', '2014-12-09 06:27:48', '2014-12-09 06:27:48'),
(247, 51, '', 'TSP-SyUR-0003', '2014-12-09 06:27:48', '2014-12-09 06:27:48');

-- --------------------------------------------------------

--
-- 替换视图以便查看 `tag`
--
CREATE TABLE IF NOT EXISTS `tag` (
`id` varchar(36)
,`tag` varchar(20)
,`document_id` varchar(36)
);
-- --------------------------------------------------------

--
-- 表的结构 `tc`
--

CREATE TABLE IF NOT EXISTS `tc` (
  `id` varchar(36) NOT NULL COMMENT '单个tc标签id',
  `document_id` varchar(36) NOT NULL COMMENT 'tc所属文献id',
  `tag` varchar(20) NOT NULL COMMENT 'tc名称',
  `description` text NOT NULL COMMENT 'tc描述',
  `testmethod_id` varchar(32) NOT NULL COMMENT '测试方法',
  `pre_condition` text NOT NULL COMMENT '前提条件',
  `result` tinyint(1) NOT NULL DEFAULT '0' COMMENT '结果，0未测试，1表示成功，2表示失败',
  `created_at` datetime NOT NULL,
  `updated_at` datetime NOT NULL
) ENGINE=MyISAM DEFAULT CHARSET=utf8;

--
-- 转存表中的数据 `tc`
--

INSERT INTO `tc` (`id`, `document_id`, `tag`, `description`, `testmethod_id`, `pre_condition`, `result`, `created_at`, `updated_at`) VALUES
('399b97e7-776f-49f3-b4fe-ffc218f0ff55', 'e1c83444-ad21-11e4-aa9b-cf2d72b432dc', '[TSP-SyRTC-0117]', 'Check TSP shall be a hot-redundant 2×2oo2 system.', '34af2239-94c5-486b-98a3-b118a75f', 'APP installed on A MPU1 and A MPU2 is the same as B MPU1 and B MPU2. ', 0, '2015-01-28 08:22:08', '2015-03-12 05:14:23'),
('fd7bdad4-c56c-410c-95b6-910e53f1dd6b', 'e1c83444-ad21-11e4-aa9b-cf2d72b432dc', '[TSP-SyRTC-0117]', 'Check TSP shall be a hot-redundant 2×2oo2 system.', '34af2239-94c5-486b-98a3-b118a75f', 'APP installed on A MPU1 and A MPU2 is the same as B MPU1 and B MPU2. ', 1, '2015-01-28 08:23:47', '2015-03-12 06:46:31'),
('01e87349-d3b1-4985-b261-2de78719a825', 'e1c83444-ad21-11e4-aa9b-cf2d72b432dc', '1', '1', 'EP', '1', 1, '2015-01-29 05:55:57', '2015-02-03 08:59:43'),
('2e47eb3e-3582-49f8-9cf0-40a554841e7d', 'e1c83444-ad21-11e4-aa9b-cf2d72b432dc', '2', '2', 'beaa1f6d-f', '2', 0, '2015-01-29 05:58:34', '2015-03-12 05:00:19'),
('87e9f18a-9801-4353-99c8-66090109f093', 'e1c83444-ad21-11e4-aa9b-cf2d72b432dc', '1', '1', 'EG', '1', 0, '2015-01-29 08:37:51', '2015-02-02 03:35:34'),
('7276c180-fd88-4d36-a9b6-724ea6efbd28', 'e1c83444-ad21-11e4-aa9b-cf2d72b432dc', '1', '1', 'EP', '1', 0, '2015-01-30 05:37:24', '2015-01-30 05:37:24'),
('996417bd-d5d9-4d8d-9e72-8283feb39a8f', 'e1c83444-ad21-11e4-aa9b-cf2d72b432dc', '1', '1', 'EP', '1', 0, '2015-01-30 05:40:31', '2015-01-30 05:40:31'),
('bf9839fe-31e2-495a-bf51-116ad2364c64', 'e1c83444-ad21-11e4-aa9b-cf2d72b432dc', '13333245', '1', 'EP', '132', 2, '2015-01-30 06:04:40', '2015-02-03 08:40:29');

-- --------------------------------------------------------

--
-- 表的结构 `tc_source`
--

CREATE TABLE IF NOT EXISTS `tc_source` (
  `tc_id` varchar(36) NOT NULL,
  `source_id` varchar(36) NOT NULL
) ENGINE=InnoDB DEFAULT CHARSET=utf8;

--
-- 转存表中的数据 `tc_source`
--

INSERT INTO `tc_source` (`tc_id`, `source_id`) VALUES
('', ''),
('89cddcf6-eba7-42ce-a6f6-316dc51e9aa4', '9123ffb2-a6c5-11e4-b3f2-2eb1ec8cf52b'),
('2bd7c67e-deb9-4ee6-8ded-321afe0ba38b', '9123ffb2-a6c5-11e4-b3f2-2eb1ec8cf52b'),
('', ''),
('7276c180-fd88-4d36-a9b6-724ea6efbd28', '9123ffb2-a6c5-11e4-b3f2-2eb1ec8cf52b'),
('87e9f18a-9801-4353-99c8-66090109f093', '9123ffb2-a6c5-11e4-b3f2-2eb1ec8cf52b'),
('bf9839fe-31e2-495a-bf51-116ad2364c64', '9123ffb2-a6c5-11e4-b3f2-2eb1ec8cf52b'),
('01e87349-d3b1-4985-b261-2de78719a825', '28b38466-a6c0-11e4-b3f2-2eb1ec8cf52b'),
('996417bd-d5d9-4d8d-9e72-8283feb39a8f', '9123ffb2-a6c5-11e4-b3f2-2eb1ec8cf52b'),
('2e47eb3e-3582-49f8-9cf0-40a554841e7d', '9123ffb2-a6c5-11e4-b3f2-2eb1ec8cf52b'),
('fd7bdad4-c56c-410c-95b6-910e53f1dd6b', '9123ffb2-a6c5-11e4-b3f2-2eb1ec8cf52b');

-- --------------------------------------------------------

--
-- 表的结构 `tc_step`
--

CREATE TABLE IF NOT EXISTS `tc_step` (
  `tc_id` varchar(36) NOT NULL COMMENT '所属tc的id',
  `num` int(11) NOT NULL COMMENT '步骤数',
  `actions` text NOT NULL COMMENT '采取的行动',
  `expected_result` text NOT NULL COMMENT '所希望的现象',
  `created_at` datetime NOT NULL,
  `updated_at` datetime NOT NULL
) ENGINE=MyISAM DEFAULT CHARSET=utf8;

--
-- 转存表中的数据 `tc_step`
--

INSERT INTO `tc_step` (`tc_id`, `num`, `actions`, `expected_result`, `created_at`, `updated_at`) VALUES
('87e9f18a-9801-4353-99c8-66090109f093', 3, '4', '4', '2015-02-02 03:35:34', '2015-02-02 03:35:34'),
('87e9f18a-9801-4353-99c8-66090109f093', 2, '3', '3', '2015-02-02 03:35:34', '2015-02-02 03:35:34'),
('87e9f18a-9801-4353-99c8-66090109f093', 1, '1', '1', '2015-02-02 03:35:34', '2015-02-02 03:35:34'),
('7276c180-fd88-4d36-a9b6-724ea6efbd28', 1, '1', '1', '2015-01-30 05:37:24', '2015-01-30 05:37:24'),
('7276c180-fd88-4d36-a9b6-724ea6efbd28', 2, '3', '3', '2015-01-30 05:37:24', '2015-01-30 05:37:24'),
('7276c180-fd88-4d36-a9b6-724ea6efbd28', 3, '4', '4', '2015-01-30 05:37:24', '2015-01-30 05:37:24'),
('996417bd-d5d9-4d8d-9e72-8283feb39a8f', 3, '4', '4', '2015-02-04 03:43:32', '2015-02-04 03:43:32'),
('996417bd-d5d9-4d8d-9e72-8283feb39a8f', 2, '3', '3', '2015-02-04 03:43:32', '2015-02-04 03:43:32'),
('996417bd-d5d9-4d8d-9e72-8283feb39a8f', 1, '1', '1', '2015-02-04 03:43:32', '2015-02-04 03:43:32'),
('399b97e7-776f-49f3-b4fe-ffc218f0ff55', 3, '123', '3213微软', '2015-03-12 05:14:23', '2015-03-12 05:14:23'),
('01e87349-d3b1-4985-b261-2de78719a825', 1, '1', '11', '2015-02-03 08:59:43', '2015-02-03 08:59:43'),
('bf9839fe-31e2-495a-bf51-116ad2364c64', 2, '33', '22', '2015-02-03 08:40:29', '2015-02-03 08:40:29'),
('fd7bdad4-c56c-410c-95b6-910e53f1dd6b', 1, '4', '4', '2015-03-12 06:46:31', '2015-03-12 06:46:31'),
('399b97e7-776f-49f3-b4fe-ffc218f0ff55', 1, '2', '3', '2015-03-12 05:14:23', '2015-03-12 05:14:23'),
('bf9839fe-31e2-495a-bf51-116ad2364c64', 1, '3', '3', '2015-02-03 08:40:29', '2015-02-03 08:40:29'),
('399b97e7-776f-49f3-b4fe-ffc218f0ff55', 2, '3', '3323', '2015-03-12 05:14:23', '2015-03-12 05:14:23');

-- --------------------------------------------------------

--
-- 表的结构 `testmethod`
--

CREATE TABLE IF NOT EXISTS `testmethod` (
  `id` varchar(32) NOT NULL,
  `name` varchar(20) NOT NULL,
  `created_at` datetime NOT NULL,
  `updated_at` datetime NOT NULL
) ENGINE=InnoDB DEFAULT CHARSET=utf8;

--
-- 转存表中的数据 `testmethod`
--

INSERT INTO `testmethod` (`id`, `name`, `created_at`, `updated_at`) VALUES
('34af2239-94c5-486b-98a3-b118a75f', 'EG', '2015-03-12 04:36:39', '2015-03-12 04:37:45'),
('405b5232-5592-4303-8d79-307c80b7', 'EP', '2015-03-12 04:37:52', '2015-03-12 06:06:28'),
('beaa1f6d-f851-4522-80df-78bd4070', 'Other', '2015-03-12 04:38:06', '2015-03-12 04:38:06');

-- --------------------------------------------------------

--
-- 表的结构 `user`
--

CREATE TABLE IF NOT EXISTS `user` (
  `id` varchar(36) NOT NULL,
  `jobnumber` varchar(30) NOT NULL,
  `password` varchar(32) NOT NULL,
  `account` varchar(30) NOT NULL,
  `realname` varchar(30) NOT NULL,
  `created_at` datetime NOT NULL,
  `updated_at` datetime NOT NULL
) ENGINE=InnoDB DEFAULT CHARSET=utf8;

--
-- 转存表中的数据 `user`
--

INSERT INTO `user` (`id`, `jobnumber`, `password`, `account`, `realname`, `created_at`, `updated_at`) VALUES
('75672e85-327f-46c4-90b2-aa68826f5889', '1231', '202cb962ac59075b964b07152d234b70', '3123', 'tom', '2015-02-12 07:00:53', '2015-03-12 06:47:51'),
('9f3a8953-08dd-4e89-a5ca-52a9c77a6406', '12332', 'd9b1d7db4cd6e70935368a1efb10e377', 'test', 'tester', '2015-02-12 06:38:32', '2015-03-12 06:47:20'),
('a7b12e32-b0f5-11e4-abb7-c17404b78885', '123', '202cb962ac59075b964b07152d234b70', 'guodong', '郭栋', '2015-02-10 00:00:00', '2015-02-10 00:00:00');

-- --------------------------------------------------------

--
-- 表的结构 `vatstr`
--

CREATE TABLE IF NOT EXISTS `vatstr` (
  `id` varchar(36) NOT NULL,
  `name` varchar(30) NOT NULL,
  `project_id` varchar(36) NOT NULL,
  `created_at` datetime NOT NULL,
  `updated_at` datetime NOT NULL
) ENGINE=InnoDB DEFAULT CHARSET=utf8;

--
-- 转存表中的数据 `vatstr`
--

INSERT INTO `vatstr` (`id`, `name`, `project_id`, `created_at`, `updated_at`) VALUES
('6ffd5327-f853-4b05-bcad-f741536afb93', '2', '90640116-ad10-450c-9d30-91b8a6acc607', '2015-03-12 06:06:46', '2015-03-12 06:06:46');

-- --------------------------------------------------------

--
-- 视图结构 `tag`
--
DROP TABLE IF EXISTS `tag`;

CREATE ALGORITHM=UNDEFINED DEFINER=`root`@`localhost` SQL SECURITY DEFINER VIEW `tag` AS select `rs`.`id` AS `id`,`rs`.`tag` AS `tag`,`rs`.`document_id` AS `document_id` from `rs` union select `tc`.`id` AS `id`,`tc`.`tag` AS `tag`,`tc`.`document_id` AS `document_id` from `tc`;

--
-- Indexes for dumped tables
--

--
-- Indexes for table `ad`
--
ALTER TABLE `ad`
 ADD PRIMARY KEY (`id`), ADD KEY `doc_id` (`doc_id`), ADD KEY `title` (`title`), ADD KEY `source_id` (`source_id`);

--
-- Indexes for table `document`
--
ALTER TABLE `document`
 ADD PRIMARY KEY (`id`);

--
-- Indexes for table `project`
--
ALTER TABLE `project`
 ADD PRIMARY KEY (`id`);

--
-- Indexes for table `relation`
--
ALTER TABLE `relation`
 ADD KEY `src` (`src`), ADD KEY `dest` (`dest`);

--
-- Indexes for table `role`
--
ALTER TABLE `role`
 ADD PRIMARY KEY (`id`);

--
-- Indexes for table `root`
--
ALTER TABLE `root`
 ADD PRIMARY KEY (`admin`);

--
-- Indexes for table `rs`
--
ALTER TABLE `rs`
 ADD PRIMARY KEY (`id`), ADD KEY `title` (`tag`), ADD FULLTEXT KEY `title_2` (`tag`);

--
-- Indexes for table `rs_tc`
--
ALTER TABLE `rs_tc`
 ADD PRIMARY KEY (`id`);

--
-- Indexes for table `source`
--
ALTER TABLE `source`
 ADD PRIMARY KEY (`id`), ADD KEY `items_id` (`item_id`,`source`), ADD KEY `src_type` (`src_type`), ADD KEY `source_1` (`source`);

--
-- Indexes for table `tc`
--
ALTER TABLE `tc`
 ADD PRIMARY KEY (`id`), ADD KEY `doc_id` (`document_id`), ADD KEY `title` (`tag`);

--
-- Indexes for table `tc_step`
--
ALTER TABLE `tc_step`
 ADD KEY `tc_id` (`tc_id`);

--
-- Indexes for table `testmethod`
--
ALTER TABLE `testmethod`
 ADD PRIMARY KEY (`id`);

--
-- Indexes for table `user`
--
ALTER TABLE `user`
 ADD PRIMARY KEY (`id`), ADD UNIQUE KEY `account` (`account`);

--
-- Indexes for table `vatstr`
--
ALTER TABLE `vatstr`
 ADD PRIMARY KEY (`id`);

--
-- AUTO_INCREMENT for dumped tables
--

--
-- AUTO_INCREMENT for table `ad`
--
ALTER TABLE `ad`
MODIFY `id` int(11) NOT NULL AUTO_INCREMENT COMMENT 'ad的id';
--
-- AUTO_INCREMENT for table `document`
--
ALTER TABLE `document`
AUTO_INCREMENT=43;
--
-- AUTO_INCREMENT for table `project`
--
ALTER TABLE `project`
AUTO_INCREMENT=16;
--
-- AUTO_INCREMENT for table `rs_tc`
--
ALTER TABLE `rs_tc`
MODIFY `id` int(10) unsigned NOT NULL AUTO_INCREMENT,AUTO_INCREMENT=20;
--
-- AUTO_INCREMENT for table `source`
--
ALTER TABLE `source`
MODIFY `id` int(11) NOT NULL AUTO_INCREMENT COMMENT 'src的id',AUTO_INCREMENT=248;
/*!40101 SET CHARACTER_SET_CLIENT=@OLD_CHARACTER_SET_CLIENT */;
/*!40101 SET CHARACTER_SET_RESULTS=@OLD_CHARACTER_SET_RESULTS */;
/*!40101 SET COLLATION_CONNECTION=@OLD_COLLATION_CONNECTION */;
